{"proxies":{"ti.glassfy.TiGlassfyModule":{"superPackageName":"org.appcelerator.kroll","methods":{"getPermissions":{"runOnUiThread":false,"hasInvocation":false,"args":[],"apiName":"getPermissions","converter":"org.appcelerator.kroll.KrollConverter","defaultValueProvider":"org.appcelerator.kroll.KrollConverter","name":"__default_name__","returnType":"void"},"purchase":{"runOnUiThread":false,"hasInvocation":false,"args":[{"converter":"org.appcelerator.kroll.KrollConverter","defaultValueProvider":"org.appcelerator.kroll.KrollConverter","name":"skuName","sourceName":"skuName","type":"java.lang.String"}],"apiName":"purchase","converter":"org.appcelerator.kroll.KrollConverter","defaultValueProvider":"org.appcelerator.kroll.KrollConverter","name":"__default_name__","returnType":"void"},"getOfferings":{"runOnUiThread":false,"hasInvocation":false,"args":[],"apiName":"getOfferings","converter":"org.appcelerator.kroll.KrollConverter","defaultValueProvider":"org.appcelerator.kroll.KrollConverter","name":"__default_name__","returnType":"void"},"initialize":{"runOnUiThread":false,"hasInvocation":false,"args":[{"converter":"org.appcelerator.kroll.KrollConverter","defaultValueProvider":"org.appcelerator.kroll.KrollConverter","name":"key","sourceName":"key","type":"java.lang.String"}],"apiName":"initialize","converter":"org.appcelerator.kroll.KrollConverter","defaultValueProvider":"org.appcelerator.kroll.KrollConverter","name":"__default_name__","returnType":"void"},"getSku":{"runOnUiThread":false,"hasInvocation":false,"args":[{"converter":"org.appcelerator.kroll.KrollConverter","defaultValueProvider":"org.appcelerator.kroll.KrollConverter","name":"sku","sourceName":"sku","type":"java.lang.String"}],"apiName":"getSku","converter":"org.appcelerator.kroll.KrollConverter","defaultValueProvider":"org.appcelerator.kroll.KrollConverter","name":"__default_name__","returnType":"void"}},"superProxyBindingClassName":"org.appcelerator.kroll.KrollModuleBindingGen","proxyClassName":"TiGlassfyModule","proxyAttrs":{"propertyAccessors":[],"fullAPIName":"TiGlassfy","name":"TiGlassfy","proxyClassName":"ti.glassfy.TiGlassfyModule","isTopLevel":false,"id":"ti.glassfy"},"packageName":"ti.glassfy","sourceName":"ti.glassfy.TiGlassfyModuleBindingGen","isTitaniumSdk":false,"superProxyClassName":"KrollModule","isModule":true,"genClassName":"TiGlassfyModuleBindingGen","onAppCreate":"onAppCreate"}},"modules":{"ti.glassfy.TiGlassfyModule":{"apiName":"TiGlassfy"}}}